<component name="ProjectRunConfigurationManager">
  <configuration default="false" name="ReportTmsdApplication" type="SpringBootApplicationConfigurationType" factoryName="Spring Boot" nameIsGenerated="true">
    <option name="FRAME_DEACTIVATION_UPDATE_POLICY" value="UpdateClassesAndResources" />
    <module name="report-tmsd" />
    <option name="SPRING_BOOT_MAIN_CLASS" value="ru.sbrf.report.ReportTmsdApplication" />
    <method v="2">
      <option name="Make" enabled="true" />
    </method>
  </configuration>
</component>